﻿{"cameraMode":{"drawMode":0,"name":"Shaded","section":"Shading Mode"},"sceneLighting":true,"audioPlay":false,"sceneViewState":{"showFog":true,"showMaterialUpdate":false,"showSkybox":true,"showFlares":true,"showImageEffects":true,"showParticleSystems":true},"in2DMode":false,"pivot":{"x":-1.2616872787475587,"y":0.6361322402954102,"z":-3.1368770599365236},"rotation":{"x":-0.25243839621543887,"y":0.028149746358394624,"z":-0.007347457110881805,"w":-0.9671756029129028},"size":1351.534912109375,"orthographic":false}