﻿{"cameraMode":{"drawMode":0,"name":"Shaded","section":"Shading Mode"},"sceneLighting":true,"audioPlay":false,"sceneViewState":{"showFog":true,"showMaterialUpdate":false,"showSkybox":true,"showFlares":true,"showImageEffects":true,"showParticleSystems":true},"in2DMode":false,"pivot":{"x":-3.4000000953674318,"y":0.44999998807907107,"z":0.050000011920928958},"rotation":{"x":-0.2841971814632416,"y":-0.029622897505760194,"z":0.00878513790667057,"w":-0.958267867565155},"size":7.711871147155762,"orthographic":false}